name,P,ti,host_utc,host_ist,A,h_base,Pr,T,Ro,Pi,Ya,AX,AY,AZ,a_mag,lat,lon,galt,SN,ST,rssi,snr,bytes
S0,420,293.3,2026-09-30 12:25:54.489000+00:00,2026-09-30 17:55:54.489000+00:00,-0.7,-0.7401443075672133,101200.16,31.5,-52.6,-27.1,123.1,4.4,-7.0,5.42,9.886172161155196,,,,14.5,R003,-105.0,-6.5,142.0
S0,421,294.001,2026-09-30 12:25:55.185000+00:00,2026-09-30 17:55:55.185000+00:00,-0.7,-0.7401443075672133,101200.16,31.5,-51.2,-24.6,121.7,4.21,-6.97,5.59,9.876897286091417,,,,4.8,R003,-105.0,-6.75,141.0
F1,1585,672.929,2026-09-30 12:55:47.067000+00:00,2026-09-30 18:25:47.067000+00:00,27.6,29.189738246867776,100884.95,31.4,62.2,16.0,153.1,-2.66,10.51,4.48,11.730562646352476,21.15994,72.78813,42.0,10.5,F111,-94.0,9.0,187.0
F1,1586,673.305,2026-09-30 12:55:47.343000+00:00,2026-09-30 18:25:47.343000+00:00,27.7,29.248941468641792,100884.28,31.4,88.5,20.3,175.4,-3.82,10.03,1.37,10.819898335936433,,,,,,-95.0,9.0,124.0
F1,1587,673.601,2026-09-30 12:55:47.638000+00:00,2026-09-30 18:25:47.638000+00:00,27.7,29.248941468641792,100884.28,31.4,92.9,9.4,166.2,-1.31,9.51,0.11,9.600432281933976,,,,,,-96.0,9.25,122.0
F1,1588,673.898,2026-09-30 12:55:48.046000+00:00,2026-09-30 18:25:48.046000+00:00,27.7,29.309028722625637,100883.6,31.4,101.9,4.1,150.0,-1.91,10.53,-0.84,10.734738003323601,21.15994,72.78813,42.0,24.2,F111,-101.0,7.5,188.0
F1,1589,674.272,2026-09-30 12:55:48.314000+00:00,2026-09-30 18:25:48.314000+00:00,27.8,29.428320794712274,100882.25,31.4,115.0,-0.0,121.8,-0.63,8.26,-5.14,9.749056364592422,,,,,,-109.0,1.5,125.0
F1,1590,674.569,2026-09-30 12:55:48.608000+00:00,2026-09-30 18:25:48.608000+00:00,27.9,29.488409257802374,100881.57,31.4,120.4,-1.4,102.7,0.07,8.34,-5.43,9.95215554540824,,,,,,-105.0,4.25,124.0
F1,1591,674.865,2026-09-30 12:55:49.005000+00:00,2026-09-30 18:25:49.005000+00:00,27.8,29.412415092867388,100882.43,31.4,116.8,-6.3,92.6,1.78,8.85,-4.51,10.091134723112162,21.15994,72.78813,42.0,16.1,F111,-107.0,3.75,186.0
F1,1592,675.239,2026-09-30 12:55:49.276000+00:00,2026-09-30 18:25:49.276000+00:00,27.8,29.369116381626007,100882.92,31.4,117.3,-7.8,89.8,1.34,8.67,-4.5,9.859741375918539,,,,,,-106.0,4.5,123.0
F1,1593,675.536,2026-09-30 12:55:49.576000+00:00,2026-09-30 18:25:49.576000+00:00,27.8,29.369116381626007,100882.92,31.4,115.1,-9.3,87.6,1.68,9.1,-3.76,9.988493379884675,,,,,,-104.0,6.0,123.0
F1,1594,675.832,2026-09-30 12:55:49.970000+00:00,2026-09-30 18:25:49.970000+00:00,27.8,29.352327142013696,100883.11,31.4,118.2,-9.3,85.3,1.32,8.57,-4.79,9.906129415669877,21.15994,72.78813,42.0,12.9,F111,-104.0,6.25,186.0
F1,1595,676.208,2026-09-30 12:55:50.253000+00:00,2026-09-30 18:25:50.253000+00:00,27.9,29.488409257802374,100881.57,31.4,118.4,-11.5,83.9,2.05,8.34,-4.62,9.752051066314204,,,,,,-104.0,6.0,124.0
F1,1596,676.505,2026-09-30 12:55:50.544000+00:00,2026-09-30 18:25:50.544000+00:00,27.9,29.471619793518986,100881.76,31.4,115.7,-11.8,84.2,2.21,8.86,-3.79,9.886748707234345,,,,,,-104.0,6.0,124.0
F1,1597,676.801,2026-09-30 12:55:50.940000+00:00,2026-09-30 18:25:50.940000+00:00,27.9,29.471619793518986,100881.76,31.4,117.3,-9.9,82.4,1.54,8.86,-4.27,9.955104218439905,21.15994,72.78813,42.0,10.5,F111,-103.0,6.5,186.0
F1,1598,677.176,2026-09-30 12:55:51.213000+00:00,2026-09-30 18:25:51.213000+00:00,27.7,29.336421575761776,100883.29,31.4,124.1,-3.8,79.0,-0.18,8.37,-6.78,10.773007936505012,,,,,,-103.0,6.5,124.0
F1,1599,677.472,2026-09-30 12:55:51.521000+00:00,2026-09-30 18:25:51.521000+00:00,28.6,30.291689522463592,100872.48,31.4,104.6,-16.8,111.5,-27.48,-13.36,-40.54,50.76545675949345,,,,,,-88.0,9.5,130.0
F1,1600,677.768,2026-09-30 12:55:51.907000+00:00,2026-09-30 18:25:51.907000+00:00,29.1,30.725614693387914,100867.57,31.4,110.6,28.5,135.3,0.54,1.79,4.56,4.928417595942941,21.15994,72.78813,42.0,36.3,F111,-90.0,9.0,186.0
F1,1601,678.142,2026-09-30 12:55:52.174000+00:00,2026-09-30 18:25:52.174000+00:00,28.0,29.60770373037237,100880.22,31.4,10.6,9.9,42.7,0.21,1.11,6.47,6.567883981922945,,,,,,-96.0,8.5,120.0
F1,1602,678.439,2026-09-30 12:55:52.496000+00:00,2026-09-30 18:25:52.496000+00:00,26.7,28.267279135840937,100895.39,31.4,10.3,7.7,-24.4,-0.58,0.82,11.53,11.573664069774965,,,,,,-84.0,10.0,123.0
F1,1603,678.735,2026-09-30 12:55:52.891000+00:00,2026-09-30 18:25:52.891000+00:00,24.1,25.47839288130498,100926.96,31.4,7.4,-1.6,149.6,8.41,-3.45,18.27,20.40645731135123,21.15997,72.78812,42.0,16.1,F111,-94.0,9.25,186.0
F1,1604,679.111,2026-09-30 12:55:53.155000+00:00,2026-09-30 18:25:53.155000+00:00,22.9,24.241032286122635,100940.97,31.4,5.7,-10.5,-101.0,2.46,0.04,7.56,7.950270435651858,,,,,,-86.0,9.5,123.0
F1,1605,679.409,2026-09-30 12:55:53.454000+00:00,2026-09-30 18:25:53.454000+00:00,22.4,23.660830258727334,100947.54,31.4,-23.7,9.3,-170.0,2.56,1.16,18.05,18.26750393458285,,,,,,-81.0,9.5,124.0
F1,1606,679.706,2026-09-30 12:55:53.849000+00:00,2026-09-30 18:25:53.849000+00:00,21.8,23.02062070455549,100954.79,31.4,-33.9,10.9,-175.3,1.28,0.43,9.79,9.88268182225857,21.16,72.78812,42.0,10.5,F111,-79.0,9.75,187.0
F1,1607,680.081,2026-09-30 12:55:54.122000+00:00,2026-09-30 18:25:54.122000+00:00,21.4,22.663006416819318,100958.84,31.4,5.1,8.6,-130.7,0.72,0.4,9.35,9.386207967012025,,,,,,-87.0,9.5,121.0
F1,1608,680.379,2026-09-30 12:55:54.423000+00:00,2026-09-30 18:25:54.423000+00:00,20.8,21.990200642848556,100966.46,31.4,-18.8,-13.7,-37.2,2.33,-0.32,14.6,14.788214902414692,,,,,,-93.0,9.25,126.0
F1,1609,680.675,2026-09-30 12:55:54.817000+00:00,2026-09-30 18:25:54.817000+00:00,20.2,21.394253686727712,100973.21,31.4,39.4,14.9,141.0,2.07,0.69,8.3,8.582016080152728,21.16002,72.78811,41.0,19.3,F111,-89.0,9.75,185.0
F1,1610,681.05,2026-09-30 12:55:55.098000+00:00,2026-09-30 18:25:55.098000+00:00,19.8,20.93253254779516,100978.44,31.4,-0.7,-6.0,-152.2,0.6,0.57,7.86,7.903448614370818,,,,,,-83.0,9.5,123.0
F1,1611,681.347,2026-09-30 12:55:55.406000+00:00,2026-09-30 18:25:55.406000+00:00,19.0,20.111557849598892,100987.74,31.4,-25.6,8.9,131.9,-0.95,-0.6,8.25,8.326163582346915,,,,,,-86.0,9.5,124.0
F1,1612,681.643,2026-09-30 12:55:55.785000+00:00,2026-09-30 18:25:55.785000+00:00,18.3,19.32243408464802,100996.68,31.4,16.2,-15.8,73.8,-1.17,0.49,6.55,6.671693937824187,21.16003,72.7881,41.0,24.2,F111,-86.0,9.5,186.0
F1,1613,682.017,2026-09-30 12:55:56.084000+00:00,2026-09-30 18:25:56.084000+00:00,17.7,18.726665440479806,101003.43,31.4,10.6,-0.8,130.8,-0.15,1.09,11.12,11.174300872985297,,,,,,-87.0,9.75,124.0
F1,1614,682.314,2026-09-30 12:55:56.354000+00:00,2026-09-30 18:25:56.354000+00:00,17.0,18.024150908698683,101011.39,31.4,34.7,4.5,137.8,-0.45,2.32,12.6,12.819707484962361,,,,,,-96.0,9.25,123.0
F1,1615,682.61,2026-09-30 12:55:56.755000+00:00,2026-09-30 18:25:56.755000+00:00,16.3,17.236094337819278,101020.32,31.4,-10.0,24.5,36.3,0.82,-0.05,8.43,8.469935064686151,21.16004,72.7881,41.0,12.1,F111,-87.0,9.75,186.0
F1,1616,682.984,2026-09-30 12:55:57.026000+00:00,2026-09-30 18:25:57.026000+00:00,15.6,16.533697257685205,101028.28,31.4,3.6,-20.7,-10.2,0.86,0.13,11.28,11.313483106453113,,,,,,-90.0,10.0,123.0
F1,1617,683.281,2026-09-30 12:55:57.329000+00:00,2026-09-30 18:25:57.329000+00:00,14.7,15.519907605975883,101039.77,31.4,-21.7,-12.5,95.5,2.35,-0.33,12.53,12.75273696113897,,,,,,-88.0,9.25,125.0
F1,1618,683.578,2026-09-30 12:55:57.722000+00:00,2026-09-30 18:25:57.722000+00:00,13.8,14.566221197185458,101050.58,31.4,5.5,15.5,-137.4,0.38,1.68,5.43,5.6966393601842125,21.16005,72.78809,41.0,26.6,F111,-89.0,9.25,185.0
F1,1619,683.953,2026-09-30 12:55:58+00:00,2026-09-30 18:25:58+00:00,13.1,13.85080281290263,101058.69,31.4,6.6,-2.1,-160.3,0.02,0.79,10.46,10.489809340498045,,,,,,-92.0,9.75,123.0
F1,1620,684.249,2026-09-30 12:55:58.645000+00:00,2026-09-30 18:25:58.645000+00:00,12.2,12.943159775467556,101068.98,31.4,11.0,3.1,128.2,-0.37,-0.39,10.36,10.373938499914098,,,,,,-90.0,10.0,124.0
F1,1621,684.545,2026-09-30 12:55:58.683000+00:00,2026-09-30 18:25:58.683000+00:00,11.4,12.049720009309803,101079.11,31.4,10.8,1.1,125.6,-0.03,0.42,10.39,10.398528742086546,,,,9.7,F113,-93.0,9.75,140.0
F1,1622,684.92,2026-09-30 12:56:01.191000+00:00,2026-09-30 18:26:01.191000+00:00,10.4,10.97735774465539,101091.27,31.4,7.3,12.9,167.6,-0.88,-0.18,16.18,16.20491283531016,,,,,,-83.0,9.75,124.0
F1,1623,685.216,2026-09-30 12:56:01.222000+00:00,2026-09-30 18:26:01.222000+00:00,9.8,10.335413116500128,101098.55,31.4,-7.3,-17.9,177.6,1.18,-0.29,1.7,2.089617189822097,,,,,,-90.0,9.75,123.0
F1,1624,685.514,2026-09-30 12:56:01.255000+00:00,2026-09-30 18:26:01.255000+00:00,9.7,10.2163762676892,101099.9,31.4,57.9,60.4,153.2,0.9,-0.06,0.28,0.9444575162494077,,,,4.8,F113,-91.0,9.25,139.0
F1,1625,685.889,2026-09-30 12:56:01.287000+00:00,2026-09-30 18:26:01.287000+00:00,9.1,9.666182152524188,101106.14,31.4,52.5,32.3,-125.7,-0.6,3.27,14.08,14.467180098415861,,,,,,-94.0,9.25,124.0
G1,1,0.0,2026-09-30 12:56:02.347000+00:00,2026-09-30 18:26:02.347000+00:00,16.8,-0.14633776364987564,101123.18,31.4,29.8,5.8,-0.0,-0.99,4.87,8.5,9.846166766818445,,,,10.5,R004,-90.0,9.0,138.0
G1,2,0.375,2026-09-30 12:56:02.680000+00:00,2026-09-30 18:26:02.680000+00:00,17.0,0.03261778074034958,101121.15,31.4,29.6,6.7,-0.2,-1.08,4.95,8.34,9.75830415594841,,,,,,-89.0,9.5,120.0
G1,3,0.672,2026-09-30 12:56:02.978000+00:00,2026-09-30 18:26:02.978000+00:00,17.0,0.015868094642709295,101121.34,31.4,29.4,6.8,-0.1,-1.12,4.97,8.37,9.798581529997083,,,,,,-87.0,9.5,120.0
G1,4,0.968,2026-09-30 12:56:03.302000+00:00,2026-09-30 18:26:03.302000+00:00,17.0,0.0,101121.52,31.4,29.3,6.9,0.1,-1.14,4.98,8.36,9.797428233980588,,,,11.3,R004,-87.0,9.25,137.0
G1,5,1.342,2026-09-30 12:56:03.650000+00:00,2026-09-30 18:26:03.650000+00:00,17.0,0.0590647176018513,101120.85,31.4,29.2,7.0,0.3,-1.13,4.98,8.38,9.813342957422819,,,,,,-88.0,9.75,119.0
G1,6,1.638,2026-09-30 12:56:03.944000+00:00,2026-09-30 18:26:03.944000+00:00,17.0,0.015868094642709295,101121.34,31.4,29.2,7.0,0.5,-1.13,4.98,8.37,9.804804944515725,,,,,,-90.0,9.5,119.0
G1,7,1.935,2026-09-30 12:56:04.270000+00:00,2026-09-30 18:26:04.270000+00:00,16.9,-0.04407789246762273,101122.02,31.4,29.2,7.0,0.7,-1.13,4.98,8.37,9.804804944515725,,,,6.4,R004,-88.0,9.5,136.0
G1,8,2.309,2026-09-30 12:56:04.615000+00:00,2026-09-30 18:26:04.615000+00:00,17.0,0.015868094642709295,101121.34,31.4,29.2,7.0,0.9,-1.12,4.97,8.37,9.798581529997083,,,,,,-89.0,9.75,119.0
G1,9,2.605,2026-09-30 12:56:04.911000+00:00,2026-09-30 18:26:04.911000+00:00,17.0,0.015868094642709295,101121.34,31.4,29.2,7.0,1.1,-1.13,4.98,8.36,9.796269698206558,,,,,,-89.0,9.5,119.0
G1,10,2.902,2026-09-30 12:56:05.236000+00:00,2026-09-30 18:26:05.236000+00:00,17.0,0.015868094642709295,101121.34,31.4,29.2,7.0,1.3,-1.13,4.98,8.37,9.804804944515725,,,,24.2,R004,-89.0,9.0,137.0
G1,11,3.276,2026-09-30 12:56:05.581000+00:00,2026-09-30 18:26:05.581000+00:00,17.0,0.015868094642709295,101121.34,31.4,29.2,7.0,1.6,-1.13,4.98,8.37,9.804804944515725,,,,,,-86.0,9.25,119.0
G1,12,3.573,2026-09-30 12:56:05.881000+00:00,2026-09-30 18:26:05.881000+00:00,16.9,-0.05994588040246157,101122.2,31.4,29.2,7.0,1.8,-1.14,4.99,8.39,9.82811273846612,,,,,,-87.0,9.5,119.0
G1,13,3.8689999999999998,2026-09-30 12:56:06.203000+00:00,2026-09-30 18:26:06.203000+00:00,16.9,-0.05994588040246157,101122.2,31.4,29.3,7.0,2.0,-1.12,4.98,8.38,9.812196492121426,,,,6.4,R004,-88.0,9.75,136.0
G1,14,4.243,2026-09-30 12:56:06.549000+00:00,2026-09-30 18:26:06.549000+00:00,17.0,0.015868094642709295,101121.34,31.4,29.3,7.0,2.3,-1.13,4.98,8.37,9.804804944515725,,,,,,-89.0,9.0,119.0
G1,15,4.539,2026-09-30 12:56:06.846000+00:00,2026-09-30 18:26:06.846000+00:00,17.0,0.07581448486425657,101120.66,31.4,29.3,7.0,2.5,-1.13,4.99,8.37,9.80988786888005,,,,,,-90.0,10.0,119.0
G1,16,4.836,2026-09-30 12:56:07.171000+00:00,2026-09-30 18:26:07.171000+00:00,17.0,0.015868094642709295,101121.34,31.4,29.3,7.0,2.7,-1.13,4.98,8.37,9.804804944515725,,,,5.6,R004,-89.0,10.75,136.0
G1,17,5.211,2026-09-30 12:56:07.517000+00:00,2026-09-30 18:26:07.517000+00:00,17.0,0.0,101121.52,31.4,29.3,7.0,2.9,-1.13,4.98,8.38,9.813342957422819,,,,,,-89.0,9.25,119.0
G1,18,5.507,2026-09-30 12:56:07.813000+00:00,2026-09-30 18:26:07.813000+00:00,-0.1,-0.05994588040246157,101122.2,31.4,30.7,6.6,-0.0,-1.12,4.97,8.36,9.790040857933127,,,,,,-88.0,9.75,120.0
G1,19,5.804,2026-09-30 12:56:08.213000+00:00,2026-09-30 18:26:08.213000+00:00,0.0,0.0590647176018513,101120.85,31.4,30.7,6.6,-0.0,-1.13,4.99,8.41,9.844038805287187,21.16004,72.78781,53.0,12.1,R113,-88.0,9.5,182.0
G1,20,6.178,2026-09-30 12:56:08.484000+00:00,2026-09-30 18:26:08.484000+00:00,-0.0,0.0,101121.52,31.4,30.7,6.6,-0.0,-1.14,4.98,8.39,9.823039244551557,,,,,,-88.0,9.5,120.0
G1,21,6.475,2026-09-30 12:56:08.780000+00:00,2026-09-30 18:26:08.780000+00:00,0.0,0.04584123936290818,101121.0,31.4,30.7,6.6,0.0,-1.13,4.99,8.37,9.80988786888005,,,,,,-88.0,10.25,118.0
G1,22,6.772,2026-09-30 12:56:09.175000+00:00,2026-09-30 18:26:09.175000+00:00,0.1,0.10578783114341966,101120.32,31.4,30.7,6.6,0.0,-1.13,4.98,8.37,9.804804944515725,21.16004,72.78782,54.0,7.3,R113,-88.0,10.5,180.0
G1,23,7.146,2026-09-30 12:56:09.451000+00:00,2026-09-30 18:26:09.451000+00:00,-0.1,-0.07316918210558937,101122.35,31.4,30.7,6.6,0.0,-1.13,4.98,8.36,9.796269698206558,,,,,,-88.0,9.75,119.0
G1,24,7.442,2026-09-30 12:56:09.747000+00:00,2026-09-30 18:26:09.747000+00:00,0.0,0.04584123936290818,101121.0,31.4,30.7,6.6,0.0,-1.14,4.98,8.4,9.831581764904364,,,,,,-88.0,9.5,118.0
G1,25,7.739,2026-09-30 12:56:10.146000+00:00,2026-09-30 18:26:10.146000+00:00,-0.0,-0.014104949300922896,101121.68,31.4,30.7,6.6,0.0,-1.14,4.97,8.36,9.792349054236169,21.16004,72.78783,54.0,13.7,R113,-88.0,9.5,182.0
G1,26,8.113,2026-09-30 12:56:10.424000+00:00,2026-09-30 18:26:10.424000+00:00,-0.0,0.0,101121.52,31.4,30.7,6.7,0.0,-1.14,4.98,8.39,9.823039244551557,,,,,,-88.0,10.0,119.0
G1,27,8.409,2026-09-30 12:56:10.715000+00:00,2026-09-30 18:26:10.715000+00:00,-0.1,-0.13311457048084294,101123.03,31.4,30.7,6.6,0.0,-1.13,4.97,8.38,9.808272019066356,,,,,,-88.0,9.75,119.0
G1,28,8.706,2026-09-30 12:56:11.118000+00:00,2026-09-30 18:26:11.118000+00:00,-0.2,-0.14898239993011064,101123.21,31.4,30.7,6.6,0.0,-1.13,4.98,8.38,9.813342957422819,21.16004,72.78783,54.0,6.4,R113,-88.0,10.0,181.0
G1,29,9.08,2026-09-30 12:56:11.386000+00:00,2026-09-30 18:26:11.386000+00:00,-0.2,-0.14898239993011064,101123.21,31.4,30.7,6.6,0.0,-1.13,4.99,8.37,9.80988786888005,,,,,,-88.0,9.5,119.0
G1,30,9.376,2026-09-30 12:56:11.682000+00:00,2026-09-30 18:26:11.682000+00:00,-0.1,-0.0899186694373467,101122.54,31.4,30.7,6.6,0.0,-1.12,4.98,8.39,9.820738261454686,,,,,,-88.0,9.75,119.0
G1,31,9.673,2026-09-30 12:56:12.081000+00:00,2026-09-30 18:26:12.081000+00:00,-0.0,-0.029972990589560888,101121.86,31.4,30.7,6.7,0.0,-1.13,4.97,8.37,9.79972958810599,21.16004,72.78785,53.0,5.6,R113,-88.0,10.5,181.0
G1,32,10.048,2026-09-30 12:56:12.353000+00:00,2026-09-30 18:26:12.353000+00:00,-0.0,-0.029972990589560888,101121.86,31.4,30.8,6.7,0.0,-1.14,4.98,8.36,9.797428233980588,,,,,,-88.0,9.25,119.0
G1,33,10.344,2026-09-30 12:56:12.650000+00:00,2026-09-30 18:26:12.650000+00:00,-0.0,-0.029972990589560888,101121.86,31.4,30.8,6.7,0.0,-1.13,4.97,8.36,9.791189917471726,,,,,,-88.0,9.5,119.0
G1,34,10.64,2026-09-30 12:56:13.048000+00:00,2026-09-30 18:26:13.048000+00:00,-0.2,-0.16573174481699612,101123.4,31.4,30.7,6.7,0.0,-1.14,4.98,8.38,9.814499477813428,21.16004,72.78786,52.0,5.6,R113,-88.0,9.75,181.0
G1,35,11.015,2026-09-30 12:56:13.322000+00:00,2026-09-30 18:26:13.322000+00:00,-0.0,-0.029972990589560888,101121.86,31.4,30.8,6.6,0.1,-1.14,5.0,8.38,9.824662844087833,,,,,,-88.0,9.75,119.0
G1,36,11.311,2026-09-30 12:56:13.618000+00:00,2026-09-30 18:26:13.618000+00:00,-0.1,-0.10578657577587627,101122.72,31.4,30.8,6.7,0.1,-1.16,4.98,8.37,9.808307703166738,,,,,,-88.0,9.25,119.0
G1,37,11.608,2026-09-30 12:56:14.016000+00:00,2026-09-30 18:26:14.016000+00:00,0.0,0.012341848947232018,101121.38,31.4,30.8,6.7,0.1,-1.14,4.97,8.39,9.81797331428437,21.16004,72.78786,52.0,13.7,R113,-88.0,10.25,181.0
G1,38,11.984,2026-09-30 12:56:14.297000+00:00,2026-09-30 18:26:14.297000+00:00,0.2,0.20805059457320127,101119.16,31.4,30.8,6.7,0.1,-1.14,4.99,8.39,9.82811273846612,,,,,,-89.0,9.25,118.0
G1,39,12.28,2026-09-30 12:56:14.585000+00:00,2026-09-30 18:26:14.585000+00:00,0.2,0.20805059457320127,101119.16,31.4,30.8,6.7,0.1,-1.13,4.98,8.39,9.821883729712953,,,,,,-88.0,9.75,118.0
G1,40,12.578,2026-09-30 12:56:14.982000+00:00,2026-09-30 18:26:14.982000+00:00,0.1,0.07228821545706254,101120.7,31.4,30.8,6.7,0.1,-1.14,4.97,8.35,9.783813162566014,21.16003,72.78788,50.0,6.4,R113,-88.0,10.25,180.0
G1,41,12.953,2026-09-30 12:56:15.261000+00:00,2026-09-30 18:26:15.261000+00:00,0.1,0.07228821545706254,101120.7,31.4,30.8,6.7,0.1,-1.15,4.98,8.38,9.815666049739061,,,,,,-90.0,10.0,118.0
F2,148,102.901,2026-09-30 13:15:50.555000+00:00,2026-09-30 18:45:50.555000+00:00,1.0,1.0785428380195747,100899.29,31.1,47.7,-18.1,29.6,-1.98,-0.58,7.3,7.5859607170087555,21.15996,72.78795,42.0,15.3,R003,-87.0,9.5,
F2,149,103.6,2026-09-30 13:15:51.254000+00:00,2026-09-30 18:45:51.254000+00:00,-1.0,-1.053639257950678,100923.45,31.1,-3.3,-36.4,-59.3,2.32,1.77,6.45,7.079392629315032,21.15993,72.78796,41.0,16.1,R003,-90.0,8.5,
F2,150,104.301,2026-09-30 13:15:51.954000+00:00,2026-09-30 18:45:51.954000+00:00,-2.3,-2.4239321905896603,100938.98,31.1,2.8,-18.8,83.0,0.7,4.44,18.42,18.96048522585854,21.15993,72.78796,41.0,16.9,R003,-92.0,9.0,
F2,151,105.0,2026-09-30 13:15:52.653000+00:00,2026-09-30 18:45:52.653000+00:00,-3.7,-3.9563281713663274,100956.35,31.1,11.9,-0.2,153.0,-1.37,-2.67,13.13,13.468581959508581,21.15991,72.78798,41.0,19.3,R003,-89.0,10.0,
F2,152,105.704,2026-09-30 13:15:53.357000+00:00,2026-09-30 18:45:53.357000+00:00,-4.6,-4.849883562805083,100966.48,31.1,20.9,-17.3,-155.0,0.49,1.78,5.29,5.602909958227064,21.15992,72.78797,40.0,11.3,R003,-94.0,8.75,
F2,153,106.401,2026-09-30 13:15:54.052000+00:00,2026-09-30 18:45:54.052000+00:00,-5.7,-6.024688670683466,100979.8,31.1,-39.8,16.6,-169.4,0.45,1.1,8.83,8.909624010024217,21.15992,72.78797,40.0,8.9,R003,-98.0,7.75,
F2,154,107.101,2026-09-30 13:15:54.756000+00:00,2026-09-30 18:45:54.756000+00:00,-7.1,-7.497386064369171,100996.5,31.1,34.9,10.5,-176.1,-1.16,1.01,14.11,14.193583057142407,21.15994,72.78797,39.0,5.6,R003,-97.0,8.0,
F2,155,107.801,2026-09-30 13:15:55.451000+00:00,2026-09-30 18:45:55.451000+00:00,-8.3,-8.764416398782336,101010.87,31.1,-6.3,-12.3,119.4,1.71,0.0,17.11,17.19523771280874,21.15992,72.78797,38.0,12.9,R003,-100.0,5.5,
F2,156,108.501,2026-09-30 13:15:56.156000+00:00,2026-09-30 18:45:56.156000+00:00,-9.5,-10.014517391782995,101025.05,31.1,-12.3,26.2,-143.5,-1.41,1.12,8.03,8.22942282301742,21.15992,72.78797,38.0,36.3,R003,-100.0,6.0,
F2,157,109.202,2026-09-30 13:15:56.857000+00:00,2026-09-30 18:45:56.857000+00:00,-10.5,-11.069649432727235,101037.02,31.1,48.5,12.2,149.0,-0.08,1.42,8.54,8.657620920322165,21.15991,72.78798,37.0,25.8,R003,-93.0,9.0,
F2,158,109.901,2026-09-30 13:15:57.559000+00:00,2026-09-30 18:45:57.559000+00:00,-11.7,-12.396100063640136,101052.07,31.1,-18.1,-28.6,95.8,1.09,-1.67,12.1,12.263237745391711,21.15991,72.78798,36.0,21.8,R003,-94.0,8.75,
F2,162,112.7,2026-09-30 13:16:00.357000+00:00,2026-09-30 18:46:00.357000+00:00,-16.5,-17.49646709422698,101109.96,31.1,11.1,-2.9,-128.0,-0.07,3.4,15.08,15.458696581536232,21.1599,72.78798,34.0,19.3,R003,-98.0,6.75,
F2,163,113.4,2026-09-30 13:16:01.053000+00:00,2026-09-30 18:46:01.053000+00:00,-17.9,-18.92411702289643,101126.17,31.1,-27.7,-8.7,-37.5,0.18,-1.44,5.55,5.736593065574723,21.1599,72.78798,34.0,16.1,R003,-97.0,7.5,
F2,164,114.1,2026-09-30 13:16:01.753000+00:00,2026-09-30 18:46:01.753000+00:00,-19.6,-20.70813753633451,101146.43,31.1,-17.7,35.4,176.8,0.92,1.07,7.26,7.395870469390334,21.1599,72.78799,34.0,12.9,R003,-106.0,0.0,
F2,166,115.501,2026-09-30 13:16:03.157000+00:00,2026-09-30 18:46:03.157000+00:00,-22.4,-23.65107830057572,101179.86,31.1,4.4,11.0,136.5,1.81,3.5,17.07,17.518875534691148,21.15992,72.78798,33.0,11.3,R003,-100.0,6.0,
F2,169,117.6,2026-09-30 13:16:05.255000+00:00,2026-09-30 18:46:05.255000+00:00,-26.3,-27.810735694595383,101227.13,31.1,44.1,-8.1,-7.0,0.54,6.21,5.92,8.596633061844619,21.15992,72.78801,31.0,33.0,R003,-97.0,7.5,
F2,170,118.301,2026-09-30 13:16:05.956000+00:00,2026-09-30 18:46:05.956000+00:00,-26.9,-28.422156812675176,101234.08,31.1,-3.6,37.0,147.2,-2.87,-3.22,8.27,9.327282562461587,21.15992,72.78801,31.0,13.7,R003,-101.0,5.0,
F2,171,119.003,2026-09-30 13:16:06.656000+00:00,2026-09-30 18:46:06.656000+00:00,-26.9,-28.481097349584086,101234.75,31.1,9.0,49.7,-70.8,-8.12,3.42,12.67,15.432423659296035,21.15991,72.78802,31.0,16.1,R003,-105.0,0.75,
